{
  "coinbase_api_key": "your_api_key",
  "coinbase_api_secret": "your_api_secret",
  "trading_pairs": [
    {
      "pair": "BTC-USD",
      "weight": 0.6,
      "precision": 8
    },
    {
      "pair": "ETH-USD",
      "weight": 0.4,
      "precision": 6
    }
  ],
  "default_interval": "5m",
  "max_candles": 100,
  "log_level": "INFO",
  "paper_trading": true,
  "max_trade_size": 100,
  "min_trade_size": 10,
  "risk_per_trade": 0.02,
  "websocket": {
    "enabled": true,
    "reconnect_max_attempts": 5,
    "reconnect_delay_seconds": 1,
    "max_reconnect_delay_seconds": 60,
    "heartbeat_interval_seconds": 30
  },
  "risk_management": {
    "daily_loss_limit": 0.02,
    "position_size_limit": 0.1,
    "stop_loss_pct": 0.05,
    "correlation_weight": 0.3,
    "volatility_weight": 0.4,
    "min_position_size": 0.02,
    "atr_period": 14
  },
  "execution": {
    "interval_seconds": 60
  }
}
